feature	metadata	value	coef	stderr	N	N.not.0	pval	qval
s__Gemella_unclassified	sex	M	2.72397796870781	0.784814805908479	48	6	0.0011936856539779	0.205313932484199
